code,engels,nederlands,nederlands_ascii,nederlands_slug
asean,Association of Southeast Asian Nations,ASEAN,ASEAN,ASEAN
af,Afghanistan,Afghanistan,Afghanistan,Afghanistan
al,Albania,Albanië,Albanie,Albanie
dz,Algeria,Algerije,Algerije,Algerije
as,American Samoa,Amerikaans-Samoa,Amerikaans-Samoa,Amerikaans-Samoa
vi,Virgin Islands (U.S.),Amerikaanse Maagdeneilanden,Amerikaanse Maagdeneilanden,Amerikaanse-Maagdeneilanden
ad,Andorra,Andorra,Andorra,Andorra
ao,Angola,Angola,Angola,Angola
ai,Anguilla,Anguilla,Anguilla,Anguilla
aq,Antarctica,Antarctica,Antarctica,Antarctica
ag,Antigua and Barbuda,Antigua en Barbuda,Antigua en Barbuda,Antigua-en-Barbuda
arab,League of Arab States,Arabische Liga,Arabische Liga,Arabische-Liga
ar,Argentina,Argentinië,Argentinie,Argentinie
am,Armenia,Armenië,Armenie,Armenie
aw,Aruba,Aruba,Aruba,Aruba
sh-ac,Ascension Island,Ascension,Ascension,Ascension
au,Australia,Australië,Australie,Australie
az,Azerbaijan,Azerbeidzjan,Azerbeidzjan,Azerbeidzjan
bs,Bahamas,Bahama's,Bahama's,Bahamas
bh,Bahrain,Bahrein,Bahrein,Bahrein
bd,Bangladesh,Bangladesh,Bangladesh,Bangladesh
bb,Barbados,Barbados,Barbados,Barbados
es-pv,Basque Country,Baskenland,Baskenland,Baskenland
by,Belarus,Belarus,Belarus,Belarus
be,Belgium,België,Belgie,Belgie
bz,Belize,Belize,Belize,Belize
bj,Benin,Benin,Benin,Benin
bm,Bermuda,Bermuda,Bermuda,Bermuda
bt,Bhutan,Bhutan,Bhutan,Bhutan
bo,Bolivia,Bolivia,Bolivia,Bolivia
ba,Bosnia and Herzegovina,Bosnië en Herzegovina,Bosnie en Herzegovina,Bosnie-en-Herzegovina
bw,Botswana,Botswana,Botswana,Botswana
bv,Bouvet Island,Bouveteiland,Bouveteiland,Bouveteiland
br,Brazil,Brazilië,Brazilie,Brazilie
io,British Indian Ocean Territory,Brits Indische Oceaanterritorium,Brits Indische Oceaanterritorium,Brits-Indische-Oceaanterritorium
vg,Virgin Islands (British),Britse Maagdeneilanden,Britse Maagdeneilanden,Britse-Maagdeneilanden
bn,Brunei Darussalam,Brunei,Brunei,Brunei
bg,Bulgaria,Bulgarije,Bulgarije,Bulgarije
bf,Burkina Faso,Burkina Faso,Burkina Faso,Burkina-Faso
bi,Burundi,Burundi,Burundi,Burundi
cefta,Central European Free Trade Agreement,CEFTA,CEFTA,CEFTA
kh,Cambodia,Cambodja,Cambodja,Cambodja
ca,Canada,Canada,Canada,Canada
ic,Canary Islands,Canarische Eilanden,Canarische Eilanden,Canarische-Eilanden
bq,"Bonaire, Sint Eustatius and Saba",Caribisch Nederland,Caribisch Nederland,Caribisch-Nederland
es-ct,Catalonia,Catalonië,Catalonie,Catalonie
cf,Central African Republic,Centraal-Afrikaanse Republiek,Centraal-Afrikaanse Republiek,Centraal-Afrikaanse-Republiek
cl,Chile,Chili,Chili,Chili
cn,China,China,China,China
cx,Christmas Island,Christmaseiland,Christmaseiland,Christmaseiland
cp,Clipperton Island,Clipperton,Clipperton,Clipperton
cc,Cocos (Keeling) Islands,Cocoseilanden,Cocoseilanden,Cocoseilanden
co,Colombia,Colombia,Colombia,Colombia
km,Comoros,Comoren,Comoren,Comoren
cg,Republic of the Congo,Congo-Brazzaville,Congo-Brazzaville,Congo-Brazzaville
cd,Democratic Republic of the Congo,Congo-Kinshasa,Congo-Kinshasa,Congo-Kinshasa
ck,Cook Islands,Cookeilanden,Cookeilanden,Cookeilanden
cr,Costa Rica,Costa Rica,Costa Rica,Costa-Rica
cu,Cuba,Cuba,Cuba,Cuba
cw,Curaçao,Curaçao,Curacao,Curacao
cy,Cyprus,Cyprus,Cyprus,Cyprus
dk,Denmark,Denemarken,Denemarken,Denemarken
dg,Diego Garcia,Diego Garcia,Diego Garcia,Diego-Garcia
dj,Djibouti,Djibouti,Djibouti,Djibouti
dm,Dominica,Dominica,Dominica,Dominica
do,Dominican Republic,Dominicaanse Republiek,Dominicaanse Republiek,Dominicaanse-Republiek
de,Germany,Duitsland,Duitsland,Duitsland
ec,Ecuador,Ecuador,Ecuador,Ecuador
eg,Egypt,Egypte,Egypte,Egypte
sv,El Salvador,El Salvador,El Salvador,El-Salvador
gb-eng,England,Engeland,Engeland,Engeland
gq,Equatorial Guinea,Equatoriaal-Guinea,Equatoriaal-Guinea,Equatoriaal-Guinea
er,Eritrea,Eritrea,Eritrea,Eritrea
ee,Estonia,Estland,Estland,Estland
sz,Eswatini,Eswatini,Eswatini,Eswatini
et,Ethiopia,Ethiopië,Ethiopie,Ethiopie
eu,Europe,Europese Unie,Europese Unie,Europese-Unie
fo,Faroe Islands,Faeröer,Faeroer,Faeroer
fk,Falkland Islands,Falklandeilanden,Falklandeilanden,Falklandeilanden
fj,Fiji,Fiji,Fiji,Fiji
ph,Philippines,Filipijnen,Filipijnen,Filipijnen
fi,Finland,Finland,Finland,Finland
fr,France,Frankrijk,Frankrijk,Frankrijk
gf,French Guiana,Frans-Guyana,Frans-Guyana,Frans-Guyana
pf,French Polynesia,Frans-Polynesië,Frans-Polynesie,Frans-Polynesie
tf,French Southern Territories,Franse Zuidelijke Gebieden,Franse Zuidelijke Gebieden,Franse-Zuidelijke-Gebieden
ga,Gabon,Gabon,Gabon,Gabon
es-ga,Galicia,Galicië,Galicie,Galicie
gm,Gambia,Gambia,Gambia,Gambia
ge,Georgia,Georgië,Georgie,Georgie
gh,Ghana,Ghana,Ghana,Ghana
gi,Gibraltar,Gibraltar,Gibraltar,Gibraltar
gd,Grenada,Grenada,Grenada,Grenada
gr,Greece,Griekenland,Griekenland,Griekenland
gl,Greenland,Groenland,Groenland,Groenland
gp,Guadeloupe,Guadeloupe,Guadeloupe,Guadeloupe
gu,Guam,Guam,Guam,Guam
gt,Guatemala,Guatemala,Guatemala,Guatemala
gg,Guernsey,Guernsey,Guernsey,Guernsey
gn,Guinea,Guinee,Guinee,Guinee
gw,Guinea-Bissau,Guinee-Bissau,Guinee-Bissau,Guinee-Bissau
gy,Guyana,Guyana,Guyana,Guyana
ht,Haiti,Haïti,Haiti,Haiti
hm,Heard Island and McDonald Islands,Heard en McDonaldeilanden,Heard en McDonaldeilanden,Heard-en-McDonaldeilanden
hn,Honduras,Honduras,Honduras,Honduras
hu,Hungary,Hongarije,Hongarije,Hongarije
hk,Hong Kong,Hongkong,Hongkong,Hongkong
is,Iceland,IJsland,IJsland,IJsland
ie,Ireland,Ierland,Ierland,Ierland
in,India,India,India,India
id,Indonesia,Indonesië,Indonesie,Indonesie
iq,Iraq,Irak,Irak,Irak
ir,Iran,Iran,Iran,Iran
il,Israel,Israël,Israel,Israel
it,Italy,Italië,Italie,Italie
ci,Côte d'Ivoire,Ivoorkust,Ivoorkust,Ivoorkust
jm,Jamaica,Jamaica,Jamaica,Jamaica
jp,Japan,Japan,Japan,Japan
ye,Yemen,Jemen,Jemen,Jemen
je,Jersey,Jersey,Jersey,Jersey
jo,Jordan,Jordanië,Jordanie,Jordanie
ky,Cayman Islands,Kaaimaneilanden,Kaaimaneilanden,Kaaimaneilanden
cv,Cabo Verde,Kaapverdië,Kaapverdie,Kaapverdie
cm,Cameroon,Kameroen,Kameroen,Kameroen
kz,Kazakhstan,Kazachstan,Kazachstan,Kazachstan
ke,Kenya,Kenia,Kenia,Kenia
kg,Kyrgyzstan,Kirgizië,Kirgizie,Kirgizie
ki,Kiribati,Kiribati,Kiribati,Kiribati
um,United States Minor Outlying Islands,Kleine Pacifische eilanden van de Verenigde Staten,Kleine Pacifische eilanden van de Verenigde Staten,Kleine-Pacifische-eilanden-van-de-Verenigde-Staten
kw,Kuwait,Koeweit,Koeweit,Koeweit
xk,Kosovo,Kosovo,Kosovo,Kosovo
hr,Croatia,Kroatië,Kroatie,Kroatie
la,Laos,Laos,Laos,Laos
ls,Lesotho,Lesotho,Lesotho,Lesotho
lv,Latvia,Letland,Letland,Letland
lb,Lebanon,Libanon,Libanon,Libanon
lr,Liberia,Liberia,Liberia,Liberia
ly,Libya,Libië,Libie,Libie
li,Liechtenstein,Liechtenstein,Liechtenstein,Liechtenstein
lt,Lithuania,Litouwen,Litouwen,Litouwen
lu,Luxembourg,Luxemburg,Luxemburg,Luxemburg
mo,Macau,Macau,Macau,Macau
mg,Madagascar,Madagaskar,Madagaskar,Madagaskar
mw,Malawi,Malawi,Malawi,Malawi
mv,Maldives,Malediven,Malediven,Malediven
my,Malaysia,Maleisië,Maleisie,Maleisie
ml,Mali,Mali,Mali,Mali
mt,Malta,Malta,Malta,Malta
im,Isle of Man,Man,Man,Man
ma,Morocco,Marokko,Marokko,Marokko
mh,Marshall Islands,Marshalleilanden,Marshalleilanden,Marshalleilanden
mq,Martinique,Martinique,Martinique,Martinique
mr,Mauritania,Mauritanië,Mauritanie,Mauritanie
mu,Mauritius,Mauritius,Mauritius,Mauritius
yt,Mayotte,Mayotte,Mayotte,Mayotte
mx,Mexico,Mexico,Mexico,Mexico
fm,Federated States of Micronesia,Micronesia,Micronesia,Micronesia
md,Moldova,Moldavië,Moldavie,Moldavie
mc,Monaco,Monaco,Monaco,Monaco
mn,Mongolia,Mongolië,Mongolie,Mongolie
me,Montenegro,Montenegro,Montenegro,Montenegro
ms,Montserrat,Montserrat,Montserrat,Montserrat
mz,Mozambique,Mozambique,Mozambique,Mozambique
mm,Myanmar,Myanmar,Myanmar,Myanmar
na,Namibia,Namibië,Namibie,Namibie
nr,Nauru,Nauru,Nauru,Nauru
nl,Netherlands,Nederland,Nederland,Nederland
np,Nepal,Nepal,Nepal,Nepal
ni,Nicaragua,Nicaragua,Nicaragua,Nicaragua
nc,New Caledonia,Nieuw-Caledonië,Nieuw-Caledonie,Nieuw-Caledonie
nz,New Zealand,Nieuw-Zeeland,Nieuw-Zeeland,Nieuw-Zeeland
ne,Niger,Niger,Niger,Niger
ng,Nigeria,Nigeria,Nigeria,Nigeria
nu,Niue,Niue,Niue,Niue
gb-nir,Northern Ireland,Noord-Ierland,Noord-Ierland,Noord-Ierland
kp,North Korea,Noord-Korea,Noord-Korea,Noord-Korea
mk,North Macedonia,Noord-Macedonië,Noord-Macedonie,Noord-Macedonie
mp,Northern Mariana Islands,Noordelijke Marianen,Noordelijke Marianen,Noordelijke-Marianen
no,Norway,Noorwegen,Noorwegen,Noorwegen
nf,Norfolk Island,Norfolk,Norfolk,Norfolk
ug,Uganda,Oeganda,Oeganda,Oeganda
ua,Ukraine,Oekraïne,Oekraine,Oekraine
uz,Uzbekistan,Oezbekistan,Oezbekistan,Oezbekistan
om,Oman,Oman,Oman,Oman
xx,Unknown,Onbekend,Onbekend,Onbekend
eac,East African Community,Oost-Afrikaanse Gemeenschap,Oost-Afrikaanse Gemeenschap,Oost-Afrikaanse-Gemeenschap
tl,Timor-Leste,Oost-Timor,Oost-Timor,Oost-Timor
at,Austria,Oostenrijk,Oostenrijk,Oostenrijk
pc,Pacific Community,Pacific Community,Pacific Community,Pacific-Community
pk,Pakistan,Pakistan,Pakistan,Pakistan
pw,Palau,Palau,Palau,Palau
ps,State of Palestine,Palestina,Palestina,Palestina
pa,Panama,Panama,Panama,Panama
pg,Papua New Guinea,Papoea-Nieuw-Guinea,Papoea-Nieuw-Guinea,Papoea-Nieuw-Guinea
py,Paraguay,Paraguay,Paraguay,Paraguay
pe,Peru,Peru,Peru,Peru
pn,Pitcairn,Pitcairneilanden,Pitcairneilanden,Pitcairneilanden
pl,Poland,Polen,Polen,Polen
pt,Portugal,Portugal,Portugal,Portugal
pr,Puerto Rico,Puerto Rico,Puerto Rico,Puerto-Rico
qa,Qatar,Qatar,Qatar,Qatar
ro,Romania,Roemenië,Roemenie,Roemenie
ru,Russia,Rusland,Rusland,Rusland
rw,Rwanda,Rwanda,Rwanda,Rwanda
re,Réunion,Réunion,Reunion,Reunion
kn,Saint Kitts and Nevis,Saint Kitts en Nevis,Saint Kitts en Nevis,Saint-Kitts-en-Nevis
lc,Saint Lucia,Saint Lucia,Saint Lucia,Saint-Lucia
vc,Saint Vincent and the Grenadines,Saint Vincent en de Grenadines,Saint Vincent en de Grenadines,Saint-Vincent-en-de-Grenadines
bl,Saint Barthélemy,Saint-Barthélemy,Saint-Barthelemy,Saint-Barthelemy
mf,Saint Martin,Saint-Martin,Saint-Martin,Saint-Martin
pm,Saint Pierre and Miquelon,Saint-Pierre en Miquelon,Saint-Pierre en Miquelon,Saint-Pierre-en-Miquelon
sb,Solomon Islands,Salomonseilanden,Salomonseilanden,Salomonseilanden
ws,Samoa,Samoa,Samoa,Samoa
sm,San Marino,San Marino,San Marino,San-Marino
st,Sao Tome and Principe,Sao Tomé en Principe,Sao Tome en Principe,Sao-Tome-en-Principe
sa,Saudi Arabia,Saoedi-Arabië,Saoedi-Arabie,Saoedi-Arabie
gb-sct,Scotland,Schotland,Schotland,Schotland
sn,Senegal,Senegal,Senegal,Senegal
rs,Serbia,Servië,Servie,Servie
sc,Seychelles,Seychellen,Seychellen,Seychellen
sl,Sierra Leone,Sierra Leone,Sierra Leone,Sierra-Leone
sg,Singapore,Singapore,Singapore,Singapore
sx,Sint Maarten,Sint Maarten,Sint Maarten,Sint-Maarten
sh-hl,Saint Helena,Sint-Helena,Sint-Helena,Sint-Helena
sh,"Saint Helena, Ascension and Tristan da Cunha","Sint-Helena, Ascension en Tristan da Cunha","Sint-Helena, Ascension en Tristan da Cunha",Sint-Helena-Ascension-en-Tristan-da-Cunha
si,Slovenia,Slovenië,Slovenie,Slovenie
sk,Slovakia,Slowakije,Slowakije,Slowakije
sd,Sudan,Soedan,Soedan,Soedan
so,Somalia,Somalië,Somalie,Somalie
es,Spain,Spanje,Spanje,Spanje
sj,Svalbard and Jan Mayen,Spitsbergen en Jan Mayen,Spitsbergen en Jan Mayen,Spitsbergen-en-Jan-Mayen
lk,Sri Lanka,Sri Lanka,Sri Lanka,Sri-Lanka
sr,Suriname,Suriname,Suriname,Suriname
sy,Syria,Syrië,Syrie,Syrie
tj,Tajikistan,Tadzjikistan,Tadzjikistan,Tadzjikistan
tw,Taiwan,Taiwan,Taiwan,Taiwan
tz,Tanzania,Tanzania,Tanzania,Tanzania
th,Thailand,Thailand,Thailand,Thailand
tg,Togo,Togo,Togo,Togo
tk,Tokelau,Tokelau,Tokelau,Tokelau
to,Tonga,Tonga,Tonga,Tonga
tt,Trinidad and Tobago,Trinidad en Tobago,Trinidad en Tobago,Trinidad-en-Tobago
sh-ta,Tristan da Cunha,Tristan da Cunha,Tristan da Cunha,Tristan-da-Cunha
td,Chad,Tsjaad,Tsjaad,Tsjaad
cz,Czech Republic,Tsjechië,Tsjechie,Tsjechie
tn,Tunisia,Tunesië,Tunesie,Tunesie
tr,Türkiye,Turkije,Turkije,Turkije
tm,Turkmenistan,Turkmenistan,Turkmenistan,Turkmenistan
tc,Turks and Caicos Islands,Turks- en Caicoseilanden,Turks- en Caicoseilanden,Turks-en-Caicoseilanden
tv,Tuvalu,Tuvalu,Tuvalu,Tuvalu
uy,Uruguay,Uruguay,Uruguay,Uruguay
vu,Vanuatu,Vanuatu,Vanuatu,Vanuatu
va,Holy See,Vaticaanstad,Vaticaanstad,Vaticaanstad
ve,Venezuela,Venezuela,Venezuela,Venezuela
gb,United Kingdom,Verenigd Koninkrijk,Verenigd Koninkrijk,Verenigd-Koninkrijk
ae,United Arab Emirates,Verenigde Arabische Emiraten,Verenigde Arabische Emiraten,Verenigde-Arabische-Emiraten
un,United Nations,Verenigde Naties,Verenigde Naties,Verenigde-Naties
us,United States of America,Verenigde Staten,Verenigde Staten,Verenigde-Staten
vn,Vietnam,Vietnam,Vietnam,Vietnam
gb-wls,Wales,Wales,Wales,Wales
wf,Wallis and Futuna,Wallis en Futuna,Wallis en Futuna,Wallis-en-Futuna
eh,Western Sahara,Westelijke Sahara,Westelijke Sahara,Westelijke-Sahara
zm,Zambia,Zambia,Zambia,Zambia
zw,Zimbabwe,Zimbabwe,Zimbabwe,Zimbabwe
za,South Africa,Zuid-Afrika,Zuid-Afrika,Zuid-Afrika
gs,South Georgia and the South Sandwich Islands,Zuid-Georgia en de Zuidelijke Sandwicheilanden,Zuid-Georgia en de Zuidelijke Sandwicheilanden,Zuid-Georgia-en-de-Zuidelijke-Sandwicheilanden
kr,South Korea,Zuid-Korea,Zuid-Korea,Zuid-Korea
ss,South Sudan,Zuid-Soedan,Zuid-Soedan,Zuid-Soedan
se,Sweden,Zweden,Zweden,Zweden
ch,Switzerland,Zwitserland,Zwitserland,Zwitserland
ax,Aland Islands,Ålandseilanden,Alandseilanden,Alandseilanden
